Timestamp (UTC),Bot ID,Wallet Address,Historical Txns,Historical SOL Sent,Current On-Chain SOL Balance,Current USD Value (@$71),Verified
2026-06-29,BOT-001,iEUcaHNqo7USPXZyWPuZUStWPY3X4NPgV1NkUaiSYth,4,0.040000,0.002806,0.20,VERIFIED
2026-06-29,BOT-002,GYTuFBjkzRWHCnd2aMzGScZYGvA8x2EPBTvfFDPqe6u9,3,0.140000,0.003054,0.22,VERIFIED
2026-06-29,BOT-003,DCF4jD1mBAzQQWokgHDzqRPMmjLZryAhb555f9EKKYjW,3,0.140000,0.004975,0.35,VERIFIED
2026-06-29,BOT-004,9PKVa4QBVXucDSq9sGmiNrepY5zcfeaPDwHkkqkiWVhA,5,0.270000,0.008986,0.64,VERIFIED
2026-06-29,BOT-005,DEjAzxZqswS4WiEw7X5iP3WpEPkfbrnvAmN2UG2Jqn6b,6,0.280000,0.003584,0.25,VERIFIED
2026-06-29,BOT-006,8ptXrDxqFqmhkKNRa4aRHpF3guCAnDwHxd1MN3Rs6Tv3,2,0.020000,0.001383,0.10,VERIFIED
2026-06-29,BOT-008,8p55oXhoWGqoGL3WraFeA9sAsJv7ZbfGsVHNj3xfCZHH,3,0.140000,0.005477,0.39,VERIFIED
2026-06-29,BOT-009,DyPNhBgA2FqVnACy4A2gnprmTajYUJjafzQNVEG6FabS,2,0.130000,0.003537,0.25,VERIFIED
2026-06-29,BOT-010,Stjn55oSJsqmMC7zTYebStuXf4rb2XvbQTPxGkhyQ8K,4,0.150000,0.010811,0.77,VERIFIED
2026-06-29,BOT-011,HYqzDi9TLKQfGikuymw6yX2EChjy72jid6RL79Gr8b5v,3,0.140000,0.004922,0.35,VERIFIED
2026-06-29,BOT-012,5iskKQ1HC3dv7mUFNXKqkAQ3gteB1ETQbdwHhkaHaNvs,1,0.120000,0.005324,0.38,VERIFIED
2026-06-29,BOT-013,BvC5p28it4bpEAVccowdqUuzhQRjjBnUpGP7z7LoSF3D,3,0.360000,0.002931,0.21,VERIFIED
2026-06-29,BOT-014,Hrus17Rvg2Me8dmksxtbwQ5ZJ2d6MNv4GH4ZCi448hGS,2,0.130000,0.001509,0.11,VERIFIED
2026-06-29,BOT-015,BSbxDNbMX1kDTKe3sraUMNRkekksh2GpM7dTobAUDjbS,2,0.240000,0.003228,0.23,VERIFIED
2026-06-29,BOT-016,7RrrKeKrgg5oPefMXek9KmbdH3rRTx2Jjqz8iL65wftP,3,0.030000,0.005085,0.36,VERIFIED
2026-06-29,BOT-017,5rjGbVP8fNDcGW7dt3zoDEWDv8XSovqH1jxffxm9QBQT,2,0.240000,0.003657,0.26,VERIFIED
2026-06-29,BOT-018,HgQeA5mBgjAJ8FSFmx66ujT9o6s2SK5bgxqebqCGFTic,5,0.160000,0.006087,0.43,VERIFIED
2026-06-29,BOT-019,B2rJpVEPyg1jvSkv8iiYDaT6nEt9Qx2m4boh2qGAtNNX,3,0.140000,0.001212,0.09,VERIFIED
2026-06-29,BOT-020,BsHN6tetbwBUppsiaKrjLvpEYSHPvaF2bgUrjS6zSix,3,0.030000,0.006042,0.43,VERIFIED
2026-06-29,BOT-021,Hp2MsEdkwRqu2MRShhv4dNYDNn7TZFRk8smAKLR4gJB5,3,0.250000,0.005125,0.36,VERIFIED
2026-06-29,BOT-022,A31wYGd25GxbHAHZAiJCYAczPNnggm3srnom9E51aJsZ,1,0.120000,0.004993,0.35,VERIFIED
2026-06-29,BOT-023,8P3Qo2dx92wBiE1yvFxw4F5d1sXM7QWd1Eh3a6cTTiin,2,0.240000,0.004695,0.33,VERIFIED
2026-06-29,BOT-025,4dVBz5bQHQZQbrwezoPfRSXihb1QP58cB8x3e7xqE7Uk,2,0.130000,0.006987,0.50,VERIFIED
2026-06-29,BOT-027,BSG4qnSCAYdmhQMETzmiQgGNYKwkLpjxtT85twREcR1J,3,0.030000,0.003739,0.27,VERIFIED
2026-06-29,BOT-028,5TYopDwHcFr8BMAp6cr2jCW335KkqQGk2vM6uq46vR2c,2,0.130000,0.007081,0.50,VERIFIED
2026-06-29,BOT-029,BeuCcgXzVwrLDVTZ7d5xxvrKwchX25CXJHA1xcB1aKwj,2,0.020000,0.005391,0.38,VERIFIED
2026-06-29,BOT-030,2Lkti5YYKAbdgW5Bjppa1Bsr49d7HjBRBFq7CSqS9d3z,3,0.140000,0.001268,0.09,VERIFIED
2026-06-29,BOT-031,5Fskzb4iUNH78VExuSfFkUxNhS69KiLgbFyELTnaVkzW,2,0.020000,0.005265,0.37,VERIFIED
2026-06-29,BOT-032,BgU9ohhhgD3yBe59jpQMqFsdUZATaivJEGTRKXd1rh5e,1,0.010000,0.003487,0.25,VERIFIED
2026-06-29,BOT-034,8wMzLTDPUbzbtD8wEUSMB97N39PVbJoj3VWfQFR9PjDj,3,0.140000,0.001153,0.08,VERIFIED
2026-06-29,BOT-035,4PXifq1sxSQTagqz77uvKCNKgf2NsUiZCE2EbrzQekiV,2,0.240000,0.004909,0.35,VERIFIED
2026-06-29,BOT-036,ED6WiQQAwaNUjBd7rxe3kSuyseS9skTKBHPCYmgedPu6,4,0.150000,0.002399,0.17,VERIFIED
2026-06-29,BOT-037,7AhVtbgpbajay7rdXA7dMccJ5nxVdS5WyKm6irdqN3eR,1,0.010000,0.007140,0.51,VERIFIED
2026-06-29,BOT-038,FYk5ae6nKHCML2KmKYuEsmcTVgYHomgenSeU1qaUx1yQ,3,0.140000,0.004598,0.33,VERIFIED
2026-06-29,BOT-039,AaNVTtd46soWr3C151i6J5pcHSmCnmqLBXedyzdUkJYM,1,0.010000,0.006655,0.47,VERIFIED
2026-06-29,BOT-040,DLhGvhHhZAiKJ7A4mLKBXpeBgMqNzzEpHobyPp4YiAfb,2,0.020000,0.006238,0.44,VERIFIED
2026-06-29,BOT-041,594eWpwbVkSdzwWiuUAxgmQWoewgiJ3yufGGKyUjYcCe,4,0.040000,0.003452,0.25,VERIFIED
2026-06-29,BOT-042,nkHLBkmkExUBHJ8w6AUjkrWq4M7QKaUU7fF2URpr8Lx,4,0.040000,0.005876,0.42,VERIFIED
2026-06-29,BOT-043,ABfQU7F8ViAJHBTtDUMwzUiSf1G8vTGx5NqRk5kCE8B2,3,0.030000,0.005881,0.42,VERIFIED
2026-06-29,BOT-044,3GzG6wCeK954jPckRK16GTzFczyjTwvx1vs6BeKkmgdX,1,0.010000,0.005881,0.42,VERIFIED
2026-06-29,BOT-045,DRCS6P1vdy7wzmkRMssKstBQ1niAN66ovfKYEH7SfjKF,3,0.140000,0.003624,0.26,VERIFIED
2026-06-29,BOT-046,3GQJT7oZVHspxR8XyCzmWmRxFfGyjkL4rver8E8R8amj,1,0.010000,0.005831,0.41,VERIFIED
2026-06-29,BOT-048,6P7fW48NYPHg3SWYAgXMei1CiiUHxqYoggzDEzFb92XU,1,0.120000,0.001975,0.14,VERIFIED
2026-06-29,BOT-049,CyRZYFunuLDMN1ACRaFkJbhZZ1AV9WETgQWqAyQjpgwz,1,0.010000,0.007233,0.51,VERIFIED
2026-06-29,BOT-050,B34GgNS9MGtzrjnkNSd69thTCe3TCgggVWWvYb63C9dB,2,0.130000,0.005443,0.39,VERIFIED
2026-06-29,BOT-052,8wChbd9yJAfvGpkDoyxbTXtdetU8sQFkL3USfMjTmu14,3,0.030000,0.003806,0.27,VERIFIED
2026-06-29,BOT-054,G9dpHg1Ze4uziSrRXDUMbVmso3RKLMi39QWm36vfCUXU,2,0.020000,0.005875,0.42,VERIFIED
2026-06-29,BOT-055,AuhvnQNXGJMU7oc7tpojmbjUVakCekMka4m9qNLDwC2G,1,0.010000,0.005970,0.42,VERIFIED
2026-06-29,BOT-056,E5R47nGxoz9Cd5sGo6p4vcCBMsFB9D3YBFt5bN2xQhLc,3,0.030000,0.005873,0.42,VERIFIED
2026-06-29,BOT-058,Fg6vsDhbb2XfLLFWdkneKkSEU2R2z4Wn9hEMhuC5v4Rj,2,0.020000,0.005873,0.42,VERIFIED
2026-06-29,BOT-059,CRxdxqyqSmx66wyZvcbJ9mfnnr9gYeDuMo8MVS3JMc7o,1,0.010000,0.000981,0.07,VERIFIED
2026-06-29,BOT-060,AZDmPQ8PT6zYQtfaASGF4xnbqXvLh6BVJYUxaNJXfvNg,1,0.010000,0.007548,0.54,VERIFIED
2026-06-29,BOT-061,E4MwYe1XDesckZbWHC1CKUh2iZc3DC5PonzxkqW1nfT9,3,0.030000,0.005881,0.42,VERIFIED
2026-06-29,BOT-062,H61nQEm3aBbyTsGkQW8ixPRgisC82Z5gcogvkvHtALct,2,0.020000,0.000975,0.07,VERIFIED
2026-06-29,BOT-064,GRPNxG8tFMLXnAv8m4idk18hG1dfNk7RBvYe5ehViJov,1,0.010000,0.009980,0.71,VERIFIED
2026-06-29,BOT-065,GBHYTfAKo2PeMuBB4fk1kz9dLgPCoZM61ucFt1kYNwpr,3,0.030000,0.003801,0.27,VERIFIED
2026-06-29,BOT-066,ECC6XrSAq53zZfv6fXufpv8hZt7XTRt185iZz2HbQpvU,3,0.030000,0.005881,0.42,VERIFIED
2026-06-29,BOT-067,JxrsLpX3VdgNWohMAWjJjtoAqPUkqHgMgHpTzHAQD8v,2,0.020000,0.009980,0.71,VERIFIED
2026-06-29,BOT-068,DkqSG837osfxD8FHUasfc15mbbBUrdznaE8MoqCiifXh,4,0.040000,0.005881,0.42,VERIFIED
2026-06-29,BOT-070,A2k4a8nef9GZxvWUjbNV5jBfCtUvXEC3jfroxjHKKzsn,1,0.010000,0.005201,0.37,VERIFIED
2026-06-29,BOT-072,EdA4FseUoBQrCKejYnm9sh8LANN7n2VeHwYMx9k1c7mf,3,0.030000,0.003804,0.27,VERIFIED
2026-06-29,BOT-073,A78p1ugHzSneC5Y8QATp7LfkdRWo6GeJydnxBPjsmYSp,3,0.030000,0.009980,0.71,VERIFIED
2026-06-29,BOT-075,7C5jzZT1CjQiBHCpcf4Jc1vLVNjf6tVz1EHh3MEQtz5Z,2,0.020000,0.003806,0.27,VERIFIED
2026-06-29,BOT-078,DHTKAHJQFRh5a2vuHsCVjEahSyQmVeVu1Hf7HMPU25gq,1,0.010000,0.005186,0.37,VERIFIED
2026-06-29,BOT-079,9RP2c7XBobZ3hvAdBt5y3a353Z1DtCLtWMsBngxLham3,1,0.010000,0.003806,0.27,VERIFIED
2026-06-29,BOT-080,BauGeTRqJAAmQJ1hUAjGaBaT5cmfuJKTEQdnv1C3THdu,1,0.010000,0.005875,0.42,VERIFIED
2026-06-29,BOT-081,Cz38HyGb68W63wKnBRbNpYooEqYNmaZWTRZfiVU3DVgr,4,0.040000,0.005181,0.37,VERIFIED
2026-06-29,BOT-082,AjJSjS26RwQVR6VK5h2QqWFPoWNJZWJcDUtQQFRpqPWm,1,0.010000,0.005881,0.42,VERIFIED
2026-06-29,BOT-083,9YpBWDzuAjHExrAexFfJQ3jYmJwgopYExSiLiD2W3rEu,1,0.120000,0.007637,0.54,VERIFIED
2026-06-29,BOT-084,66yuZUGGWV9R97DCZ7a3CQ8q5yuFQRQhw1MDwRGdQ7X9,1,0.010000,0.006062,0.43,VERIFIED
2026-06-29,BOT-085,DaiC5gBofjsLf2XNbxDtwiC2wbBatJyKuS2FdEA8wyev,2,0.130000,0.005874,0.42,VERIFIED
2026-06-29,BOT-088,DoMCWuYzT2UcUCScaLZc8WTCdh5KDBggu7aEkugxD8tU,1,0.010000,0.005876,0.42,VERIFIED
2026-06-29,BOT-089,4cj112rY8trtshH5yGgaB45g16Bm4FwUkDSnGYMxvcap,4,0.040000,0.009980,0.71,VERIFIED
2026-06-29,BOT-090,9SrMfMeVjHHQSt5DsNDHKcz3hUYK7JpuQXERExxNL3Am,2,0.130000,0.008493,0.60,VERIFIED
2026-06-29,BOT-091,76XNXcjPpxyga9GPtXXUYPqYn24f8Xoa1xuFnvfKApn,2,0.020000,0.005880,0.42,VERIFIED
2026-06-29,BOT-092,33Ez1ogNNJtx1pAZi8MyBKnRs6PQQCXCmoqhj7vuhaNx,4,0.150000,0.005798,0.41,VERIFIED
2026-06-29,BOT-093,5XVqmWkhfNusBQ5EeesHucRqZfEoN23WZL9Sgh84h1V3,1,0.010000,0.005880,0.42,VERIFIED
2026-06-29,BOT-094,GnCLTpU1DjEiMtA5GZG8d17si8bR6xqV9ynZPQepkhem,1,0.010000,0.005013,0.36,VERIFIED
2026-06-29,BOT-095,4KkmpgzdwMhr1axJkoZgff8fQjY3DfTTRZDBvbPbdpag,2,0.020000,0.009980,0.71,VERIFIED
2026-06-29,BOT-096,61h6d8F29FhHRAoGTartfRuPs5qVhTs3RJu5oTCz9aM2,1,0.010000,0.004901,0.35,VERIFIED
2026-06-29,BOT-097,EU386fs3JmL9jRxFauogurmqXeQtsiU8bnKU4Uz5SEwn,2,0.020000,0.009980,0.71,VERIFIED
2026-06-29,BOT-099,4gPT9tkRctKX93AKpbkwbdM4aZaPwLNDTNjRVkENSQDe,4,0.040000,0.003806,0.27,VERIFIED
2026-06-29,BOT-100,4aM6YJHExMsEVbERYtU3N7sWRuZUfe8j9KR5BtDqGkPM,2,0.020000,0.005185,0.37,VERIFIED
2026-06-29,BOT-101,7iRHXSJ6fhHgyd4eSD6PRPonmkPoW7vLV1xRgUdVAPJG,1,0.010000,0.001531,0.11,VERIFIED
2026-06-29,BOT-103,2Pedfpe2hdyyBGQHkXS4cxH8VsEDthpivGCJ8wtAcNrD,3,0.030000,0.005240,0.37,VERIFIED
2026-06-29,BOT-105,BwdHsrJLVV67GudQeQ4wPkaWp8EteFK8An4eCVY8eNQK,2,0.020000,0.003806,0.27,VERIFIED
2026-06-29,BOT-106,BAAtFcYzF7VbqiJUsazGyyndUXrzX8Q58RmiQeAEBByP,1,0.010000,0.001528,0.11,VERIFIED
2026-06-29,BOT-107,9QytuS29JWojoToXxkrV5rgjfJ6isKRaVnMQATYsqwrW,2,0.020000,0.009980,0.71,VERIFIED
2026-06-29,BOT-108,2d2xvWMe42KZkpnuwuy2Yr1hrw36sAgzxawDdPyDRPmT,1,0.010000,0.003806,0.27,VERIFIED
2026-06-29,BOT-109,Ae8L6KfV3Tk1oUuCHxVNyccJ2SgFzayyo8YBx9rzhenm,1,0.010000,0.003803,0.27,VERIFIED
2026-06-29,BOT-110,3mjWJxx9FYSzvU4Ndp1v4uVR59MtaJnJgmr29fCukTs9,2,0.020000,0.003803,0.27,VERIFIED
2026-06-29,BOT-111,5VWZrHs8wNEHMcdqZxogc6ZnXz74SacjHTR98mqPoaGJ,2,0.020000,0.009980,0.71,VERIFIED
2026-06-29,BOT-112,AqbZg13K6PYphgCbcwvsYUfLyWT6fEPLUMuT9F49VYXr,4,0.040000,0.003802,0.27,VERIFIED
2026-06-29,BOT-114,D7FDiPLSMzTdYkBmgTv5m5c1GG9Gw8qNdePqT1sMgXjv,3,0.030000,0.003777,0.27,VERIFIED
2026-06-29,BOT-115,2eWWnAiep2kHCqsQc3mH4ALzHETLFmc5cy6dcav377dN,1,0.010000,0.011534,0.82,VERIFIED
2026-06-29,BOT-117,H7EqTNc3C7jRVXL2c8trv8hqtvXXgxftbRVSCcvTxiuf,3,0.030000,0.003802,0.27,VERIFIED
2026-06-29,BOT-120,3L3Bwgx5TLVHDk9Rymyr8NZ8dqUb89tssZL5upUnBDM4,2,0.020000,0.003806,0.27,VERIFIED
2026-06-29,BOT-121,J4xEVrcP13s4nktkqmujvA87xL9iz2hxiRR1XzT1McR6,3,0.140000,0.006717,0.48,VERIFIED
2026-06-29,BOT-122,9DF3vSanK1HTcG4PBKViwhrobzKRkE7HUJbrgtGCSpH6,1,0.120000,0.006671,0.47,VERIFIED
2026-06-29,BOT-123,2xiggKr39PUGkPR3qoFwDDM7xjFkQHt9WZZdKwK67DPX,1,0.120000,0.007660,0.54,VERIFIED
2026-06-29,BOT-124,CR4Y9hq1XNUBWhYPK94NkWLZynm9jELu82GFgEDwoqNQ,2,0.130000,0.008339,0.59,VERIFIED
2026-06-29,BOT-125,EuEVRmFmodKZsfvdzkjgQcWcL49eUPQX2AYDLKCCpPMa,2,0.130000,0.005877,0.42,VERIFIED
2026-06-29,BOT-126,3boBqBkU9rRezoypCHqwHPqfBCmQbLJUMHDtEE9rPwa2,2,0.020000,0.005681,0.40,VERIFIED
2026-06-29,BOT-127,G1V378Y55UHmBopPJnoSeiGMNfv8fyB1uNgKSgnnw1Sm,3,0.030000,0.005321,0.38,VERIFIED
2026-06-29,BOT-128,4LMjoWeQNoUtMrwCUMVR4RJrGZVfRnViuvee2Ne1ufGm,3,0.140000,0.010112,0.72,VERIFIED
2026-06-29,BOT-129,GBmu3HE2DVFUeXeVvbajqfAJQRxcWsHoA9ZoS7ooyEgE,1,0.010000,0.031366,2.23,VERIFIED
2026-06-29,BOT-130,7ViVXdtgasKgCQwFpJXD2sjj7smR3NP4JsDrkuqjLsnW,1,0.120000,0.002474,0.18,VERIFIED
2026-06-29,BOT-131,AHH51VTQDDSsU92crocmzXY7DtcLUCrHryJm7AKfRias,4,0.150000,0.005557,0.39,VERIFIED
2026-06-29,BOT-132,5nppHwJGpdUiS6QnEzZ9wJ6ZdcP3n1Jj3uWX1UWVxa6m,2,0.130000,0.002404,0.17,VERIFIED
2026-06-29,BOT-133,BBbQ9oAdE5TTKdWWPjJSaEUBw8N1iidzvz85fFRNoZRN,2,0.130000,0.005200,0.37,VERIFIED
2026-06-29,BOT-134,EUSZzJwVY1GCyWSfFVyqeSS1vvDmGLLcdDTvchop1Rz6,1,0.010000,0.009980,0.71,VERIFIED
2026-06-29,BOT-135,EcGeiVc5KSYtrh2SX7Jd8fVU1erhQFBm5ru7EeN8JbAJ,1,0.010000,0.003800,0.27,VERIFIED
2026-06-29,BOT-136,ALh3HBh5QSezNwSvSpzpa6Zc8bfqxuw3bDv6EtYDtNZJ,1,0.120000,0.003263,0.23,VERIFIED
2026-06-29,BOT-137,BiA3txSWB9QEky8CAzvgX373ZJmZRLFRZEAqsZzWCBDj,2,0.020000,0.003799,0.27,VERIFIED
2026-06-29,BOT-138,E2EwXBJk8nX1wBNGRKzCncmMLPJfh3HAE5QmztZGpTQm,1,0.010000,0.009980,0.71,VERIFIED
2026-06-29,BOT-139,HeLGeRA2a9H4jsShZyAmtX7FWZprCqmcCtx5VYDLq35o,1,0.010000,0.009980,0.71,VERIFIED
2026-06-29,BOT-140,4fnoaB6EgDsMquxf7VeT4QamyYeNyNoQj43gBvvXhuxE,1,0.010000,0.009244,0.66,VERIFIED
2026-06-29,BOT-141,ZWrLT9w2tt4KrYQZTtdpftxVPYqMtCV6wX41U6dnExg,1,0.120000,0.004780,0.34,VERIFIED
2026-06-29,BOT-144,3feWxv2pe53WXyL9oHsF9hrafnPD7Q7QUz3QwKzMadsd,4,0.040000,0.005957,0.42,VERIFIED
2026-06-29,BOT-145,Db852Az3357M9ZJfSR6wwEXCe7cxkHScwbGm2KUoeLLB,2,0.020000,0.040127,2.85,VERIFIED
2026-06-29,BOT-146,3wEjBtTKTrMJJW6bVUZn5JFB8K2V1ANCwkqpkBhqyK5A,2,0.020000,0.010573,0.75,VERIFIED
2026-06-29,BOT-147,9oTgWoAQzFVVrkHwTmKjxztwmQtq2Hb5wgKHpACX2nkq,2,0.130000,0.010205,0.72,VERIFIED
2026-06-29,BOT-148,FKvR4MaDBBwqt2eo59kApPVtmyxXtGi8GXmnciVd7etP,2,0.020000,0.011824,0.84,VERIFIED
2026-06-29,BOT-149,ESy2YBGXujhmAKKh68WLvXF8fPEwHktUfuDP85qxJeVw,2,0.130000,0.001718,0.12,VERIFIED
2026-06-29,BOT-150,GSrJTpVrdhpLtLh39CwVmxcj3A7Qg9x7Kyd9iFUhJCdo,1,0.010000,0.009980,0.71,VERIFIED
2026-06-29,BOT-151,82GxSV8x2aK2ZxGBT1GcNku3XiPgpDRG9TEtq4vL4Ft6,1,0.010000,0.009980,0.71,VERIFIED
2026-06-29,BOT-152,5c2byLSYjn58sSQjijwqiAZUp2LTLvuV7nnnfjkwPt32,3,0.030000,0.012168,0.86,VERIFIED
2026-06-29,BOT-153,FoBKQGZ9GJ7fwG1DfG3cGY9uXjBUp2Wif8SBjpzpgVLY,1,0.120000,0.005392,0.38,VERIFIED
2026-06-29,BOT-155,32EcPyeku6fAxTVqWziAn5FpG55H3wfZUwYP8c3zdDr5,3,0.030000,0.022756,1.62,VERIFIED
2026-06-29,BOT-156,HzVfH8hE92uNwMMUPvtTNXYCdmb5uVX7C6SPaeB6Ws8n,1,0.010000,0.003805,0.27,VERIFIED
2026-06-29,BOT-157,FF2u2nJ8ESwWqscXGQm7hNkNo4CnRKaLGeTzX6xu7T2Y,2,0.130000,0.003533,0.25,VERIFIED
2026-06-29,BOT-158,8cKzxuqxtDJf1jGLL1dvcj5kNotwxGZNg2dmztDWkYqp,1,0.120000,0.004981,0.35,VERIFIED
2026-06-29,BOT-159,DG1rG5WZxDgS84xFK4Kbpa6WnGgETuZZBWaAQ2aBeSb1,1,0.120000,0.004390,0.31,VERIFIED
2026-06-29,BOT-160,DuTT2aeUW34h9keWxNX3BVJz3AGXXnWWLcspPmmfqskn,1,0.010000,0.008933,0.63,VERIFIED
2026-06-29,BOT-161,FqzzZoN81nEsCq2n5YxQuWU82VyG6BDhgNWPtKgMvdJP,3,0.250000,0.003946,0.28,VERIFIED
2026-06-29,BOT-162,DUePpK3YyCAsm9EWsRc1WTPp1NxPtyoGCkAMFUwLoTrR,3,0.140000,0.077623,5.51,VERIFIED
2026-06-29,BOT-163,BfajaaKtaNy9th6MuStDjB1ieHnD3rBgbJHumpaDxnsD,2,0.020000,0.002973,0.21,VERIFIED
2026-06-29,BOT-164,2bCtrneVjRqxpCKH6PKCrdA3SNSbeAXgZPF1u1EGQuab,4,0.260000,0.001691,0.12,VERIFIED
2026-06-29,BOT-165,J1dz6aTCQ3XpUrooUqGgAAT52esMTysVSZstRPubdZNy,4,0.260000,0.009137,0.65,VERIFIED
2026-06-29,BOT-166,FqEG6dib3chDX5b7K2fXgyvqbkcfEmbWycjJ96iV9VN2,5,0.270000,0.030300,2.15,VERIFIED
2026-06-29,BOT-167,2TzVnPsgyKhSqzrL4b35M9MgFWp3dRKCucKguxHNaK3f,1,0.010000,0.008490,0.60,VERIFIED
2026-06-29,BOT-168,3EYJjz1drtmt17y5uVyaNrWaiP4Dqbu7AMzDBxfpKFqd,2,0.240000,0.015984,1.13,VERIFIED
2026-06-29,BOT-169,86i7w9JHWwqNmg7gSLJHUGdoeXoknXip728qNtr2iScp,3,0.140000,0.002702,0.19,VERIFIED
2026-06-29,BOT-170,G7z2RRfhK3Af85Ag861nXDt9ZEm84SZnr3ecGmmgnKst,2,0.240000,0.002167,0.15,VERIFIED
2026-06-29,BOT-171,JCVD2XtonnP6yPT228sUbq1G9EJkpXapfwwHr5SPP69C,2,0.240000,0.003672,0.26,VERIFIED
2026-06-29,BOT-173,68hj29z1CNDdK1JRyk1iujW7uHvNTmGmBVCvCRxJ6Szv,2,0.130000,0.004419,0.31,VERIFIED
2026-06-29,BOT-174,2j2rbsjfgnKuksopk7abprNE8kFhakmPcgdccVcuA7bF,4,0.480000,0.007081,0.50,VERIFIED
2026-06-29,BOT-175,3nhP9a6JGiLkUiwraFoKy1odysQcee2Z16kPJazuSoV5,2,0.130000,0.008904,0.63,VERIFIED
2026-06-29,BOT-176,3USybBfqDwUfER3hVCZTZCdJxy2guyqrVyYxoDKmCmFA,2,0.130000,0.003149,0.22,VERIFIED
2026-06-29,BOT-177,2SkjFzpTrBeHqoj7TjgX31kdV9GooNqDGfnvxQWCm3SW,2,0.020000,0.009980,0.71,VERIFIED
2026-06-29,BOT-178,HPJMykyEByudngmr26b1Jz4YkXGTyKnEAjHhNgTg4syX,1,0.010000,0.003805,0.27,VERIFIED
2026-06-29,BOT-179,D1W5pJJ3fiDJahSw2ge9ELmqd1go3v4BXMerTikZvTjv,2,0.020000,0.009980,0.71,VERIFIED
2026-06-29,BOT-180,3fzzxuzUiqR5qLMHwspWDZVzsCKb4RDeb3uqzt26U98D,1,0.010000,0.009715,0.69,VERIFIED
2026-06-29,BOT-181,8chBrqfM3RdqLrDRGtQko39DgJJnzmv9y4JJ7pRggaQ1,2,0.020000,0.009980,0.71,VERIFIED
2026-06-29,BOT-182,6u1uG1zm5kiR5NMXgCrEiDyhkqRiBqc7H2qjkMbNVbKY,1,0.010000,0.009708,0.69,VERIFIED
2026-06-29,BOT-183,E7Rif7YtSGEJ9Kizfp7pz5PiueJ5fPZViDkecd8DBgdf,1,0.010000,0.009445,0.67,VERIFIED
2026-06-29,BOT-184,FEttJg5hNvsv5GkzUUrQzjkPubiGJBhbvmwW2UWMG3mv,3,0.030000,0.009980,0.71,VERIFIED
2026-06-29,BOT-185,CE5Ask1PZ2rz4VurnzsX9KAsg54nkec3GqeH4MpvZXwc,1,0.010000,0.001522,0.11,VERIFIED
2026-06-29,BOT-186,FfmvApyhbPMqjesF4vAhDFFs624aptyrRf9nmEAMZZUL,4,0.040000,0.009980,0.71,VERIFIED
2026-06-29,BOT-187,DWrPD9Ws9q2PLGGd9k618u1Cokd7Nj6Mm1LBZide9xUK,1,0.010000,0.009980,0.71,VERIFIED
2026-06-29,BOT-189,EcjrxPVhFYamhXTwBc4dddxU8Ti7ucTY6NNXETGASYqZ,2,0.020000,0.003802,0.27,VERIFIED
2026-06-29,BOT-191,2pbdSAaLycX7ru6i1YHMQHkWVFM8hqf5SHhgEcuEsHJ6,1,0.010000,0.003805,0.27,VERIFIED
2026-06-29,BOT-192,6udT3YZoDYWivNXqENLknMkYaLbTzbgLYEYDKXi1B2o4,1,0.010000,0.009980,0.71,VERIFIED
2026-06-29,BOT-193,2PcjUXiU1jSXwMiax4iCHheZ4vfbYyBX9e5egaY2CHBm,1,0.010000,0.003803,0.27,VERIFIED
2026-06-29,BOT-194,dbqqvBDbY3nn1XScYe46zDQ8kqnsT43bXKyzQAStfyF,2,0.020000,0.009980,0.71,VERIFIED
2026-06-29,BOT-195,7mxn2487gCruMQTWacRaAQqKDFk9sYeaYBS5aRXaKU49,1,0.010000,0.009980,0.71,VERIFIED
2026-06-29,BOT-197,4EJTNyyCXGWuwpuuhmMhBjVv3BLopjyezMSmfGMjM2y2,1,0.010000,0.009980,0.71,VERIFIED
2026-06-29,BOT-199,5P4m7MQXc6nxv7skymRCRxZgWtZ5u57HSuscrN5XCFCp,1,0.010000,0.009980,0.71,VERIFIED
2026-06-29,BOT-200,FeAaqnaWSumbyjV31CaZLXWPedmM2BV3agV5jVwg5Uwu,4,0.040000,0.003799,0.27,VERIFIED
2026-06-29,BOT-201,39QVcVcAumNpDspVGXMkj4eifnfz2ZNuNRXoFozUzzq4,1,0.120000,0.004076,0.29,VERIFIED
2026-06-29,BOT-202,27edNnGi4xVKPxT8u93HaKfkVdBnY6yLak3n21Lc8xp4,1,0.010000,0.032808,2.33,VERIFIED
2026-06-29,BOT-203,CT5rt9Dhjp9WyvbBSHJJsDLBsBaiMf5qKPqmdNVQ2EKo,4,0.260000,0.079836,5.67,VERIFIED
2026-06-29,BOT-204,EQki8vehfttnkA95gC8Din3m5roCL6BP6xEx5Zyj4K6W,2,0.130000,0.005351,0.38,VERIFIED
2026-06-29,BOT-205,Ea51Jxi3aCBvU4tX7YadHoUEyCG8goiYH5bFdqYCc7qV,3,0.140000,0.006616,0.47,VERIFIED
2026-06-29,BOT-206,6bPNgSjRcWehgK3jKRVyxZko4marzGAMAv2jyfbdDLiH,3,0.250000,0.005729,0.41,VERIFIED
2026-06-29,BOT-207,B5AWnAzRUJPLWZcFUrwqbCyNHqjtKC6FKuDwLaLq91s6,6,0.280000,0.032011,2.27,VERIFIED
2026-06-29,BOT-208,9hXUSejdh5FomkXTLz1FpB5WtCwHKdjdtKmCDY1GMaf4,2,0.240000,0.032199,2.29,VERIFIED
2026-06-29,BOT-209,C7JksGWgwQiNP8mBvZGP8gbEDPH1MgoL6NixSSvPNp8u,2,0.130000,0.003585,0.25,VERIFIED
2026-06-29,BOT-210,8AXYj3kB5TZoo2NWAoTEmygbzLpA8qDjURq9YBG77BaK,5,0.160000,0.002022,0.14,VERIFIED
2026-06-29,BOT-211,G56zMDZsVcc5dG8fV4jpCwuqCaKqVWed4Vn5ZzVXA1hs,1,0.120000,0.004663,0.33,VERIFIED
2026-06-29,BOT-212,6rJXyGdb6DquG6SNfv2jMrdkSyCcTdMPbmBwHtNidf4u,3,0.140000,0.009828,0.70,VERIFIED
2026-06-29,BOT-214,3DGk49KVnQoB4E8xRjFLUvhGkFQZm6FqctfE97CkLjmD,1,0.120000,0.002707,0.19,VERIFIED
2026-06-29,BOT-215,DUCvnwb1Zfq6efeDYYgRk6XcWq5jFKukSb3QcnSjjgs8,2,0.130000,0.009009,0.64,VERIFIED
2026-06-29,BOT-216,2QXSZA6BFq4u6nMhcPfNTp4U4oZsfH9dwwBskhM3hG1B,2,0.130000,0.005099,0.36,VERIFIED
2026-06-29,BOT-218,7HY8HvCeebExo1cQVzrPnDDgySHfYa32heA2sxgX1yyp,1,0.010000,0.071419,5.07,VERIFIED
2026-06-29,BOT-220,6ehv34Jt5PbTpY4vcp5dE3Vc3hojAgJKhDEgq9wEphUU,1,0.010000,0.008302,0.59,VERIFIED
2026-06-29,BOT-221,6sE4CwcknDqjmBbQpZ5W6dChgfvu85cKArb6EFbjkkQx,2,0.130000,0.012185,0.87,VERIFIED
2026-06-29,BOT-222,EoBFvk1chYasdJgdhSn8oqCyCbejF27gYizbDYrLBnAo,2,0.130000,0.006000,0.43,VERIFIED
2026-06-29,BOT-223,Duh4yPiwvRikC35kCYaDGyUoZxd7eVuUwcppfQtnfNms,2,0.020000,0.006045,0.43,VERIFIED
2026-06-29,BOT-224,A9BGnpcFQsqCHsR5eGGCKeShxuqJx5qDGunucRXPdjjh,2,0.020000,0.015906,1.13,VERIFIED
2026-06-29,BOT-225,8g2dp81QB8dkuPT4xMEfUEcGetVixBCX6KLbzy9yHDpv,2,0.130000,0.002655,0.19,VERIFIED
2026-06-29,BOT-226,5eQpYJkaprRUkVeVXAGZ7HoFJfq7bk5L4MJEVuGrg8AP,1,0.120000,0.068813,4.89,VERIFIED
2026-06-29,BOT-227,3tUDTbtJarMqRKJdoReri7zx7t7o1MZwKgMVv2puoFxY,3,0.250000,0.004915,0.35,VERIFIED
2026-06-29,BOT-228,HmmJbU2zAysyNvCjMvQow7A3kRGpAiRhRGY7ufPjZRND,3,0.250000,0.003568,0.25,VERIFIED
2026-06-29,BOT-229,22rpihUPhbAqdsfDor2vZvSsK1zdPPKjwMncMmL65ejc,2,0.130000,0.087339,6.20,VERIFIED
2026-06-29,BOT-230,HZi3btQG9Fzv95Tq89VfPtW9dmzzDUUYH1bZPX5Etnmk,2,0.240000,0.015314,1.09,VERIFIED
2026-06-29,BOT-231,ARth4Dmqyjg8KoUBEBsURDm1TGPZebvdpJNLBui6bHey,2,0.020000,0.006663,0.47,VERIFIED
2026-06-29,BOT-232,8ZZWmvs7no92KBofYbrD4nSqdZFzdGuebmSTjh7gTsM2,1,0.010000,0.011537,0.82,VERIFIED
2026-06-29,BOT-233,DrG1wrEhe2sdFiAPvgQSvemMR6YvUx97PNYgVVgJhnu2,2,0.020000,0.009980,0.71,VERIFIED
2026-06-29,BOT-235,95qCsxgiPtW8PR1eyg7LGuksACP1pcBEi93nZ4eSd43R,2,0.020000,0.009980,0.71,VERIFIED
2026-06-29,BOT-236,A68B3LmSPbMMaoANvEqYqsghByGjQtkCFzurTdX4wzJJ,1,0.010000,0.009999,0.71,VERIFIED
2026-06-29,BOT-237,H91RWintcVcNiiTFsK25KbJ9GqHcrMHb4ZqzQ7Kyom6X,1,0.010000,0.009980,0.71,VERIFIED
2026-06-29,BOT-240,pFd7o8qVgwRR1Youm4b1c4i5NHFwJUomyJsaa8Vjk9o,2,0.020000,0.003800,0.27,VERIFIED
2026-06-29,BOT-241,GqNRKEJ7YAJQ86QQ166BDzumrnnRUWBWup9MUjmc16GT,3,0.140000,0.003417,0.24,VERIFIED
2026-06-29,BOT-242,CiFo2zRj6KRb1xjBMC2DpF3okfDYTv6uj2yVEXr229xp,2,0.020000,0.007657,0.54,VERIFIED
2026-06-29,BOT-243,HZs2HLWyVgXHqLHMhFRsKBr4NxHKBrkuJAdJKtz6mPtu,2,0.130000,0.008051,0.57,VERIFIED
2026-06-29,BOT-244,7h3VRFvnxwhDdvMUkZg4waUhozn3bW5fjGhzKQ9Dwfaz,1,0.120000,0.052778,3.75,VERIFIED
2026-06-29,BOT-245,DEugfBW9pQnDbctkeMMxcLKvVD6pUGhp2vafZWfCynd5,1,0.120000,0.004084,0.29,VERIFIED
2026-06-29,BOT-246,G88fQkyzPtJw4gGcjux5gHdi7UjUhcEgU45bV95ygDmZ,3,0.140000,0.001235,0.09,VERIFIED
2026-06-29,BOT-247,92ve4BnGFefANMDd12b3Cr973z46dR74NTjDyQBSACmT,2,0.130000,0.003187,0.23,VERIFIED
2026-06-29,BOT-248,B6NyJQSMQN4G1XWRpWAzXjgZXjJQG1nXKhEfcGzxALL6,3,0.140000,0.004645,0.33,VERIFIED
2026-06-29,BOT-249,4VBgP5kwuzA2C4eVgFLg2qPBs3Kr5uuxvheTr46p7uJf,4,0.150000,0.002636,0.19,VERIFIED
2026-06-29,BOT-250,Fi5ei9HYSC6sovZmYAyWKvHgpCMqaLd93mtY1okSYaqW,4,0.150000,0.001975,0.14,VERIFIED
2026-06-29,BOT-251,EcH34TdowcMzT3rqm7N37EN8Sj1bX1rSjzaE8mWADjth,1,0.120000,0.001665,0.12,VERIFIED
2026-06-29,BOT-252,5ZyyVvQNrTFzKcLfKytJev9hBYGyVysDCRH1mxpXmacr,1,0.010000,0.007021,0.50,VERIFIED
2026-06-29,BOT-254,8PsunuimCXCS9pyXCvSXtQr1sxn28jNaBJhPQpjaw4a3,1,0.010000,0.009985,0.71,VERIFIED
2026-06-29,BOT-255,GpHfbvxMJpyCSNYRo4dv28ex46ZG8xhtJaPYUAcb6iXG,1,0.010000,0.009980,0.71,VERIFIED
2026-06-29,BOT-256,JD6kxaUE2LQAso7kSJJr2XagowhYgheQ5E24AoGEQP2q,1,0.010000,0.003851,0.27,VERIFIED
2026-06-29,BOT-257,82tBAmy7dxhJ2DVCVcBAhh8zxoU9X4CjznsxSV56yy6h,1,0.010000,0.009980,0.71,VERIFIED
2026-06-29,BOT-260,BhZPfwWDEc2uVVJxNwoaNu2fRm2qnf5hvwywAg9uwoc6,2,0.020000,0.009980,0.71,VERIFIED
2026-06-29,BOT-261,3zwhAnRUNkFTUKYwyJd5NKTndB8vLsYdRSasQwVV4SeQ,4,0.040000,0.009980,0.71,VERIFIED
2026-06-29,BOT-263,DfjMHme8otakV5TuEvMZa2jhLmkfPD2mWNC26xmUwiPq,2,0.020000,0.009955,0.71,VERIFIED
2026-06-29,BOT-265,FjLWwFAEkjWYaJqJZbdCm1PuUEjCcppgAWZRuqmKXYro,1,0.010000,0.003299,0.23,VERIFIED
2026-06-29,BOT-267,AzjjzRM7LCx7anjJBpW5YxFhVpMx92LseB3LmYEqAgL6,3,0.030000,0.009980,0.71,VERIFIED
2026-06-29,BOT-268,BSkexvbUbduKXrdA2EBXvp8A28gq5tY21Uy5pQBwJUfv,1,0.010000,0.003800,0.27,VERIFIED
2026-06-29,BOT-269,DFaG6tgs1Pp82GTvoN6tvStov8uJdAQqqZEdThGfmRQG,1,0.010000,0.003323,0.24,VERIFIED
2026-06-29,BOT-270,F7eBmmCAGGNP41d1ruoSaR8EBG4NRWdBTMWAEpsjte4m,1,0.010000,0.001511,0.11,VERIFIED
2026-06-29,BOT-272,HCzt5uhAFGtY1aiAJB3HzSnP4ZzS4vwgP5Xp4rod9pak,2,0.020000,0.009980,0.71,VERIFIED
2026-06-29,BOT-276,4stgmiZu7D9ipYB6mswskLMtcbfLYyCsV7NFYw4NL2tT,2,0.020000,0.015189,1.08,VERIFIED
2026-06-29,BOT-277,7P3EQZjpAsKgfic2vy9TGiFNQbABTWoNDkQrAT6ah3v6,2,0.020000,0.005201,0.37,VERIFIED
2026-06-29,BOT-278,8j6smReUetuaeFbnGSHry3XU96W3uYn8AFhQWeQ1ywf,1,0.010000,0.001530,0.11,VERIFIED
2026-06-29,BOT-281,FEP5w4gaN7qom7NhsBr24vjgJ4o4uGAPsBeRih7R9em6,2,0.130000,0.007182,0.51,VERIFIED
2026-06-29,BOT-282,2qtVPao2SiDQaqgNgaVvBYKFURfxTsbbKpTkUwEdkLED,1,0.120000,0.005700,0.40,VERIFIED
2026-06-29,BOT-283,ERGGawmueQ59hmhR33iZUD4R1aay4YUQTZA1xNWya6Dq,3,0.140000,0.008781,0.62,VERIFIED
2026-06-29,BOT-284,9puiGbTuk95CGKSt61R2N1f9MsnN974iLyVPbtk3MDaP,2,0.240000,0.004961,0.35,VERIFIED
2026-06-29,BOT-285,kjNz5QByFNn1YqX7D5xAZURbxqvmHw2GE7BpRs9YJf9,2,0.240000,0.012583,0.89,VERIFIED
2026-06-29,BOT-286,6nGMjETDnbGFEVW2YNw6uBb8GfRYKRLf2mBUxBGRiNvS,5,0.270000,0.024984,1.77,VERIFIED
2026-06-29,BOT-287,C4aR7LEvUE92JdWudAfjoruNBzZRfAuxRLnDgJWEtDth,2,0.130000,0.001752,0.12,VERIFIED
2026-06-29,BOT-289,2mcXMriFXiJCT2qhTEjYgB2K6FRG6Bjog1P76f2eKasm,5,0.270000,0.005376,0.38,VERIFIED
2026-06-29,BOT-290,C6TALirbuSqPJ1526gu8t5o99kRdTYZ26ceqA4HtojJv,1,0.010000,0.001898,0.13,VERIFIED
2026-06-29,BOT-291,BbHzv2gh4dNNhahjZKT7L6GWTfcMk57shPRk66VAxvCs,3,0.250000,0.007377,0.52,VERIFIED
2026-06-29,BOT-292,J1HsPZMCWMJy4YKK25z3fU9vhq7fuB16m294Pvz25oh3,1,0.120000,0.014001,0.99,VERIFIED
2026-06-29,BOT-293,3bRfRhKTK4VVvK9oygr4hdnTCRn5FEih1UXtittxifSR,4,0.260000,0.010490,0.74,VERIFIED
2026-06-29,BOT-294,5SUceT3jqVPAbJJeHktdiaDrgpEYWZjgYwtPg2i5eR5J,2,0.020000,0.007638,0.54,VERIFIED
2026-06-29,BOT-296,9zkyMf34Qoppw7dQY4NXujfx5EXF6QCkEckZVKSLr1Ck,2,0.130000,0.003734,0.27,VERIFIED
2026-06-29,BOT-297,6TCkk8MiGoYSa47y7a7PW4McxtGmb1km1KEE5jiauUp7,1,0.120000,0.005435,0.39,VERIFIED
2026-06-29,BOT-298,9CcPopQ2gvHcB3cjRVKr6PPpqWqJw1EU97ofHjvatCsU,1,0.010000,0.062001,4.40,VERIFIED
2026-06-29,BOT-299,DwbxsRmB4cw291SadNuYVA46KuKCdUSzd3xTPeeKvQH2,2,0.130000,0.007783,0.55,VERIFIED
2026-06-29,BOT-300,6xJU71D8oANX3ZoztFGHGXVgRkMxaz3ubivpTXZ9YrBx,1,0.120000,0.003286,0.23,VERIFIED
2026-06-29,BOT-301,79U2pzk7DfzJRG2ZVexprRrWn1Qsrddnx1QQYmbWKCwY,1,0.120000,0.003508,0.25,VERIFIED
2026-06-29,BOT-304,5QB94kHJSJhYXxnxWcFnWWtuBafCaM1DC3JCGM7JTMmc,1,0.010000,0.009980,0.71,VERIFIED
2026-06-29,BOT-306,H1ypRvSD8xUvVZxfc9VRgQDrzAFbeofWZL8tUQJQmqcz,1,0.010000,0.011534,0.82,VERIFIED
2026-06-29,BOT-307,8KkTSt4YXpUKyehDPt6XsiZgtziwfnajkU3sFkCJQc2s,1,0.010000,0.003803,0.27,VERIFIED
2026-06-29,BOT-308,3VCy3x1Yfo6vGTguozsfYqSqGvvJMQGFfvEyDHTnb1rP,1,0.010000,0.001533,0.11,VERIFIED
2026-06-29,BOT-311,4txfevesxdF2xbXZHUcRw7ZJGCQzTCEyA64qcgsgzGtT,2,0.020000,0.003799,0.27,VERIFIED
2026-06-29,BOT-312,o7oRriCBCLJGs3X68iVKUNuXaZnTVipmmTBrrx599fN,2,0.020000,0.006087,0.43,VERIFIED
2026-06-29,BOT-313,4bWzwgm81wLkA6tsRZyU68mcjeJ7T6GuTMReZ9EqZEeg,3,0.030000,0.009980,0.71,VERIFIED
2026-06-29,BOT-314,6cLAv9KmwYBcbziTbB2BYj3EET38SqzCko1JxrahhZnE,1,0.010000,0.009980,0.71,VERIFIED
2026-06-29,BOT-316,3U62WqohBaJWTtSuzxR333Enjd9maYxpWfUaWxXgBp4N,1,0.010000,0.005184,0.37,VERIFIED
2026-06-29,BOT-318,9j4NNiFMt6AM5QvuD8etP2AURXwXTT6EFZibax2g6Ysc,1,0.010000,0.039995,2.84,VERIFIED
2026-06-29,BOT-321,Ynn5on5h6YbZwEZGrsMdRqb345ufWRXMAH18yhR4Cjg,4,0.040000,0.001279,0.09,VERIFIED
2026-06-29,BOT-322,AEAEbJzhYoj3H6tMBKczkuUcPG5trMLPEvZ4THmx9KYX,1,0.120000,0.006364,0.45,VERIFIED
2026-06-29,BOT-324,B8CVew9De8Ls8iQBmwJntMpB6CpgRZDKtXhFN6g3p9Yq,1,0.120000,0.001975,0.14,VERIFIED
2026-06-29,BOT-325,93XQYHFAwKctavRsc8tsRRrhRCunRXjaU8nLTaNvvd7o,1,0.120000,0.008623,0.61,VERIFIED
2026-06-29,BOT-326,GFFMXuaUkvyGX6qQqihieDVxuVCte217VfNiNqxtBbFG,1,0.120000,0.055641,3.95,VERIFIED
2026-06-29,BOT-327,JAYhW5NsjjKitTLCaXcUMCCYoQsSjB5DGXNaJxMN39Tb,3,0.140000,0.009077,0.64,VERIFIED
2026-06-29,BOT-328,GHjidfwRHVSFV7t3zHALf4x82Zf8ELLrcSWGuugS4wiB,1,0.010000,0.007719,0.55,VERIFIED
2026-06-29,BOT-330,E3G57hHhM3USvwUNs9gzm8T7fhC87U6DbHYWtyutuZJ2,1,0.010000,0.009980,0.71,VERIFIED
2026-06-29,BOT-331,4FSMHg77rmdpsTBsK7qTy7E7ZVYrdhRycpDJRfcUmQ8u,1,0.010000,0.009980,0.71,VERIFIED
2026-06-29,BOT-332,C2ZrgUVyCWoTZT2NUj6irVig54uFHg1EvCSLjCBxfCiE,1,0.010000,0.003799,0.27,VERIFIED
2026-06-29,BOT-333,8dRXGi3rpngVwzMJcLz2JsoMvHLRCfguUckfMGnVBeYQ,1,0.010000,0.003799,0.27,VERIFIED
2026-06-29,BOT-334,7jJFzuvEFGUDzhEnNdqd85e6CTZnx7HSah7jsK7dpia4,2,0.020000,0.009980,0.71,VERIFIED
2026-06-29,BOT-337,DtdeNmcFSmYXCamVvY9cMkLhVph2C2EASHAQ1TGJhk69,1,0.010000,0.003799,0.27,VERIFIED
2026-06-29,BOT-339,HnEm9jYrm5mHTqMUwfdWXB2pgxuUCk84aNjR5tiFeBAY,3,0.030000,0.003798,0.27,VERIFIED
2026-06-29,BOT-340,2Lit28zWPuU7KfhVMq7GJTnLFvbVwQPQgmoxWiFMh6sH,1,0.010000,0.009980,0.71,VERIFIED
2026-06-29,BOT-342,CvZLwewDNceRNUJwXAhNTMZaHHrWyja1XuDP8yacuYFQ,1,0.010000,0.003798,0.27,VERIFIED
2026-06-29,BOT-344,7RBJQ4QW3U5oXddhsw9fgQQhJGuvCFqgzg7PsfCXvLxi,1,0.010000,0.029990,2.13,VERIFIED
2026-06-29,BOT-345,HZCjmwe637Hbxsj333K7bHqid6V5gsEP5qTjSDZaybyw,1,0.010000,0.005137,0.36,VERIFIED
2026-06-29,BOT-346,DzLNrdJvGq68pvSz1pxxdDVDM5B17WArZEgnbzZM6Xms,2,0.020000,0.009980,0.71,VERIFIED
2026-06-29,BOT-348,FEH2scACQBZJaeaVYwRwzEWrSPD2me8jmxh7FxkmQMqE,2,0.020000,0.009708,0.69,VERIFIED
2026-06-29,BOT-350,GPhWcRabiY4zY17WRpRXpv1hKp6Tc9udiDVJHDfxWenv,1,0.010000,0.003803,0.27,VERIFIED
2026-06-29,BOT-351,34u4eaZrVWfyNzawYqhRc7yVb1qZeCqisha1H92ua743,2,0.020000,0.003799,0.27,VERIFIED
2026-06-29,BOT-353,Fkavqb1NeFFbokYBMD53jixzXYbXMkJTDKi5rNXi8cnz,1,0.010000,0.009980,0.71,VERIFIED
2026-06-29,BOT-354,ACkji6vGA3MZL51nPejQjKAE55eac3iC1MFoMGoCeFbM,1,0.010000,0.002464,0.17,VERIFIED
2026-06-29,BOT-355,8A37euCaVXXJYw17Nc93Qpztyy4EVg495fRaabHM8BMV,1,0.010000,0.001500,0.11,VERIFIED
2026-06-29,BOT-357,8Crdu1sSowwZ9Ynty174pEmWcYGkj7KXTFwDTHbgaU3B,2,0.020000,0.003803,0.27,VERIFIED
2026-06-29,BOT-359,4TZJsdLPr3voqs1knxxcpPkdyUgW3L3FxWdUW5tdTWSH,1,0.010000,0.009711,0.69,VERIFIED
2026-06-29,BOT-361,5VA9jrEsL3THmT729wbhAhmLU4fF767stNsMQMCRLBCp,2,0.020000,0.013181,0.94,VERIFIED
2026-06-29,BOT-362,GQvGMbVev4fdsNVtz8XGDH9AqFyQGGNPmNQr5N36gssg,2,0.130000,0.004565,0.32,VERIFIED
2026-06-29,BOT-363,6XBHLDzBdQUNmX3SdJVwDDNvFDccmdnKZcZHtf3qqEkQ,1,0.010000,0.042682,3.03,VERIFIED
2026-06-29,BOT-365,4Ha1KXYyFAkMDp7ZD1YprDLFaPjKcr2RCnJsYwgvPVkU,1,0.120000,0.004804,0.34,VERIFIED
2026-06-29,BOT-367,HjcijgwzrNdnKBEppyShvi1i6YQV7tTVoPXadtb5DGiT,1,0.010000,0.034236,2.43,VERIFIED
2026-06-29,BOT-368,5uW1QnPyx8S3X74jLzbSeNWJ2MAEziEMbe3bKa9B55iW,1,0.120000,0.022495,1.60,VERIFIED
2026-06-29,BOT-369,43x27qnuzxaDc7GSyuHnXfehKUmvqXH7WNuzhC4v5HST,1,0.120000,0.064874,4.61,VERIFIED
2026-06-29,BOT-370,6mVuzmg7t7bbJnVcutCeAmq6c5EjSPdEb8jSRaNMFhs8,1,0.120000,0.001947,0.14,VERIFIED
2026-06-29,BOT-371,6EiB8D1VhtGjVYNzrow6j4gZGj78nwYwhkvkgQprrqud,1,0.010000,0.032440,2.30,VERIFIED
2026-06-29,BOT-373,Hn2rhYEswJBEWViSsyiqdgA9CLGG4mS3U8wbKiTpCDtT,1,0.010000,0.074186,5.27,VERIFIED
2026-06-29,BOT-374,7qnA33LuhvjXmREn6Ms11PG1BMup91Lw7iq1J2v2xkH9,1,0.010000,0.002241,0.16,VERIFIED
2026-06-29,BOT-376,23UnQ3uKELJEEFQSfJCt8deSz8P1aKCFrctY2xs6x85w,2,0.130000,0.011291,0.80,VERIFIED
2026-06-29,BOT-378,5T5sUumR6nQDvyfppZXD8Uzne5MTawvTDaU2WUk5TKg9,1,0.120000,0.064847,4.60,VERIFIED
2026-06-29,BOT-379,8LdCPLF1db5hEHDccrhUt7oYCKyvPCEvqF38yRT1VAZi,1,0.010000,0.036766,2.61,VERIFIED
2026-06-29,BOT-381,CF9cGbbTie1c36oBCwZ2Hhtvv4yUbCKEMqXtWsMR6Eot,1,0.120000,0.105730,7.51,VERIFIED
2026-06-29,BOT-382,4hP4254waHm5snxSkoZWzQX7z1f6bbxgLmTzBc9qMB8c,3,0.030000,0.009980,0.71,VERIFIED
2026-06-29,BOT-383,8MDDfJmCYePomdThXSV5it5XnqB1EGyqeoufHTjN7FCs,1,0.010000,0.001514,0.11,VERIFIED
2026-06-29,BOT-384,G56VgwpSdN5JWLPrsHPSaHnUpnLhcpdojfYcFUnsUn36,1,0.010000,0.003803,0.27,VERIFIED
2026-06-29,BOT-387,FFrxU8HghS9WneH4pE7JKPXPK7rms4WKBLn5SRqHw7dp,1,0.010000,0.001508,0.11,VERIFIED
2026-06-29,BOT-388,7BgJnt2Mtb7vsHViTDFxeo9TW2fmkhEXEADkukSg5Qdq,1,0.010000,0.005116,0.36,VERIFIED
2026-06-29,BOT-389,E5MKsfiNxZhXdeSb97UHqBcMMTMkKgx3T8VTPkDYdhyB,1,0.010000,0.003802,0.27,VERIFIED
2026-06-29,BOT-392,3J1NPdPYNCRhHmfNsiSPSDMG7rDNAagKahgGinYEmbPi,2,0.020000,0.003321,0.24,VERIFIED
2026-06-29,BOT-394,HfsDegp3A7tSfJnhQQB1Umn9oqDdPBQD6U9wADQ2jHBi,1,0.010000,0.005134,0.36,VERIFIED
2026-06-29,BOT-395,5wyCmASBN5xBeW7MaHC3Zv6Cy21ebHrMN27hGGuLiQjp,2,0.020000,0.003798,0.27,VERIFIED
2026-06-29,BOT-396,9fzGarf5piBqJFuSUgQwUsrYzUCuj2X2oQrgzNUsF1Xs,1,0.010000,0.009710,0.69,VERIFIED
2026-06-29,BOT-399,EJGM68DP6C83cLsLNtjaKsCsryx1EoatE5nzjgrrDkMk,1,0.010000,0.003798,0.27,VERIFIED
2026-06-29,BOT-400,HzqcsSre91iMJzngte8xqyawH935ZDGtytsuGjSa9Za9,1,0.010000,0.003314,0.24,VERIFIED
